CODE ,OPCVM,Nature WG,Nature juridique,Classification,Dépositaire,AN,Nature WG,Code
MA0000030645,ATTIJARI PATRIMOINE VALEURS,WAFA GESTION,SICAV,ACTIONS,ATTIJARIWAFA BANK,1123741018.47,ACTIONS GP,001
MA0000036063,ATTIJARI ACTIONS,WAFA GESTION,FCP,ACTIONS,ATTIJARIWAFA BANK,814505955.96,ACTIONS GP,102
MA0000040156,ATTIJARI AL MOUCHARAKA,WAFA GESTION,FCP,ACTIONS,ATTIJARIWAFA BANK,605423520.15,ACTIONS GP,008
MA0000040255,PROFIL DYNAMIQUE,WAFA GESTION,FCP,ACTIONS,ATTIJARIWAFA BANK,480579254.53,ACTIONS GP,018
MA0000030611,CDM EXPANSION,WAFA GESTION,SICAV,ACTIONS,CDM,470873219.03,ACTIONS GP,205
MA0000042137,ATTIJARI VALEURS ESG,WAFA GESTION,FCP,ACTIONS,ATTIJARIWAFA BANK,266250511.22,ACTIONS GP,068
MA0000041477,FCP ATTIJARI DIVIDEND FUND,WAFA GESTION,FCP,ACTIONS,ATTIJARIWAFA BANK,173568642.05,ACTIONS GP,057
MA0000040198,PATRIMOINE AL MOUSSAHAMA,WAFA GESTION,FCP,ACTIONS,ATTIJARIWAFA BANK,167074417.89,ACTIONS GP,026
MA0000042335,WG MOMENTUM FACTOR FUND,WAFA GESTION,FCP,ACTIONS,ATTIJARIWAFA BANK,94624942.7,ACTIONS GP,075
MA0000036089,ATTIJARI FINANCES CORP VALEUR,WAFA GESTION,FCP,ACTIONS,ATTIJARIWAFA BANK,75852058.14,ACTIONS GP,109
MA0000041436,FCP Cdm DYNAMISME,WAFA GESTION,FCP,ACTIONS,CDM,36107546.52,ACTIONS GP,207
MA0000042327,WG VALUE FACTOR FUND,WAFA GESTION,FCP,ACTIONS,ATTIJARIWAFA BANK,2160082.86,ACTIONS GP,073
MA0000042319,WG LOW VOLATILITY FACTOR FUND,WAFA GESTION,FCP,ACTIONS,ATTIJARIWAFA BANK,1882513.53,ACTIONS GP,074
CODE ,OPCVM,Nature WG,Nature juridique,Classification,Dépositaire,AN,Nature WG,Code
MA0000040347,PATRIMOINE ACTIONS,WAFA GESTION,FCP,ACTIONS,ATTIJARIWAFA BANK,2259466317.33,ACTIONS Instit,005
MA0000037335,CMR ACTIONS,WAFA GESTION,FCP,ACTIONS,ATTIJARIWAFA BANK,1609229675.53,ACTIONS Instit,049
MA0000036204,FCP CIMR MOUBADARA,WAFA GESTION,FCP,ACTIONS,ATTIJARIWAFA BANK,1555163894.58,ACTIONS Instit,046
MA0000040370,WAFA ASSURANCE EXPANSION,WAFA GESTION,FCP,ACTIONS,ATTIJARIWAFA BANK,976840534.15,ACTIONS Instit,025
MA0000040297,FCP WAFA ASSURANCE STRATEGI,WAFA GESTION,FCP,ACTIONS,ATTIJARIWAFA BANK,658627568.83,ACTIONS Instit,029
MA0000041774,FCP WG EQUITY FUND,WAFA GESTION,FCP,ACTIONS,ATTIJARIWAFA BANK,257548872.86,ACTIONS Instit,058
CODE ,OPCVM,Nature WG,Nature juridique,Classification,Dépositaire,AN,Nature WG,Code
MA0000042301,PATRIMOINE MULTIVALEURS,WAFA GESTION,FCP,ACTIONS,ATTIJARIWAFA BANK,3080385077.37,MANDATS ACTIONS ,004
MA0000041550,ATTAKAFOUL,WAFA GESTION,FCP,ACTIONS,ATTIJARIWAFA BANK,887327202.75,MANDATS ACTIONS ,032
MA0000042293,FCP WG ACTIONS,WAFA GESTION,FCP,ACTIONS,ATTIJARIWAFA BANK,361328352.73,MANDATS ACTIONS ,031
MA0000038887,FCP WG CAPITAL,WAFA GESTION,FCP,ACTIONS,ATTIJARIWAFA BANK,225815482.36,MANDATS ACTIONS ,064
MA0000039059,FCP WG VALEURS,WAFA GESTION,FCP,ACTIONS,ATTIJARIWAFA BANK,198605741.05,MANDATS ACTIONS ,066
MA0000039067,FCP WG TAYSSIR,WAFA GESTION,FCP,ACTIONS,ATTIJARIWAFA BANK,192871049.42,MANDATS ACTIONS ,067
CODE ,OPCVM,Nature WG,Nature juridique,Classification,Dépositaire,AN,Nature WG,Code
MA0000030520,ATTIJARI DIVERSIFIE,WAFA GESTION,SICAV,DIVERSIFIÉ,ATTIJARIWAFA BANK,3427711177.09,DIV GP,113
MA0000040172,PROFIL HARMONIE,WAFA GESTION,FCP,DIVERSIFIÉ,ATTIJARIWAFA BANK,1212218347.14,DIV GP,015
MA0000030579,CDM OPTIMUM,WAFA GESTION,SICAV,DIVERSIFIÉ,CDM,595211100.86,DIV GP,201
MA0000030694,ATTIJARI PATRIMOINE DIVERSIFIE,WAFA GESTION,SICAV,DIVERSIFIÉ,ATTIJARIWAFA BANK,56955986.94,DIV GP,009
MA0000039364,PROFIL FLEXIBLE,WAFA GESTION,FCP,DIVERSIFIÉ,ATTIJARIWAFA BANK,4232439.29,DIV GP,044
MA0000042111,ATTIJARI MIXED DISTRIBUTION,WAFA GESTION,FCP,DIVERSIFIÉ,ATTIJARIWAFA BANK,2527362.91,DIV GP,069
CODE ,OPCVM,Nature WG,Nature juridique,Classification,Dépositaire,AN,Nature WG,Code
MA0000041667,R-MIXT OPTIMUM,WAFA GESTION,FCP,DIVERSIFIÉ,CDG,5860135381.36,DIV Instit,063
MA0000040305,WAFA ASSURANCE OPTIMISATION,WAFA GESTION,FCP,DIVERSIFIÉ,ATTIJARIWAFA BANK,2699854188.6,DIV Instit,016
MA0000036840,FCP AFAK CRP,WAFA GESTION,FCP,DIVERSIFIÉ,ATTIJARIWAFA BANK,1680426445.88,DIV Instit,045
MA0000042376,FCP WG FRUCTI PATRIMOINE,WAFA GESTION,FCP,DIVERSIFIÉ,ATTIJARIWAFA BANK,1669496156.06,DIV Instit,061
MA0000041444,FCP CDM PROFIL EQUILIBRE,WAFA GESTION,FCP,DIVERSIFIÉ,CDM,742832401.29,DIV Instit,209
MA0000030678,PALMARES FINANCIERES,WAFA GESTION,SICAV,DIVERSIFIÉ,ATTIJARIWAFA BANK,627724083.97,DIV Instit,017
MA0000030686,SICAV FRUCTI VALEURS,WAFA GESTION,SICAV,DIVERSIFIÉ,ATTIJARIWAFA BANK,21720515.5,DIV Instit,033
CODE ,OPCVM,Nature WG,Nature juridique,Classification,Dépositaire,AN,Nature WG,Code
MA0000030835,SICAV WG CROISSANCE,WAFA GESTION,SICAV,DIVERSIFIÉ,ATTIJARIWAFA BANK,1024940205.42,MANDATS DIV ,022
MA0000042194,PATRIMOINE CROISSANCE,WAFA GESTION,FCP,DIVERSIFIÉ,ATTIJARIWAFA BANK,574849933.65,MANDATS DIV ,072
MA0000037939,ATTIJARI FINANCES CORP RENDEMENT,WAFA GESTION,FCP,DIVERSIFIÉ,ATTIJARIWAFA BANK,397783949.23,MANDATS DIV ,108
MA0000042541,FCP WG EPARGNE,WAFA GESTION,FCP,DIVERSIFIÉ,ATTIJARIWAFA BANK,377954412.36,MANDATS DIV ,055
MA0000042269,FCP WG BALANCED,WAFA GESTION,FCP,DIVERSIFIÉ,ATTIJARIWAFA BANK,336134159.55,MANDATS DIV ,059
MA0000042558,WG DYNAMIC,WAFA GESTION,FCP,DIVERSIFIÉ,ATTIJARIWAFA BANK,286635724.09,MANDATS DIV ,012
MA0000041782,WG OPPORTUNITES,WAFA GESTION,FCP,DIVERSIFIÉ,ATTIJARIWAFA BANK,250421177.54,MANDATS DIV ,065
MA0000042525,FCP WG HORIZON,WAFA GESTION,FCP,DIVERSIFIÉ,ATTIJARIWAFA BANK,242206838.73,MANDATS DIV ,052
MA0000039489,FCP UNIVERS DIVERSIFIE,WAFA GESTION,FCP,DIVERSIFIÉ,ATTIJARIWAFA BANK,210492936.79,MANDATS DIV ,048
MA0000036022,ATTIJARI SOLIDARITE,WAFA GESTION,SICAV,DIVERSIFIÉ,ATTIJARIWAFA BANK,200664836.3,MANDATS DIV ,110
MA0000042277,FCP WG PERFORMANCE,WAFA GESTION,FCP,DIVERSIFIÉ,ATTIJARIWAFA BANK,186860052.98,MANDATS DIV ,054
MA0000030827,WG DIVERSIFIE,WAFA GESTION,SICAV,DIVERSIFIÉ,ATTIJARIWAFA BANK,162383788.37,MANDATS DIV ,027
MA0000036097,CAPITAL PERFORMANCE,WAFA GESTION,FCP,DIVERSIFIÉ,ATTIJARIWAFA BANK,159740708.48,MANDATS DIV ,107
MA0000039760,FCP WG INVEST,WAFA GESTION,FCP,DIVERSIFIÉ,ATTIJARIWAFA BANK,156467410.6,MANDATS DIV ,040
MA0000042533,AWG CAPITAL CROISSANCE,WAFA GESTION,FCP,DIVERSIFIÉ,ATTIJARIWAFA BANK,145584613.23,MANDATS DIV ,077
MA0000042392,FCP WG RENDEMENT,WAFA GESTION,FCP,DIVERSIFIÉ,ATTIJARIWAFA BANK,133443779.81,MANDATS DIV ,060
MA0000042251,FCP WG SERENITE,WAFA GESTION,FCP,DIVERSIFIÉ,ATTIJARIWAFA BANK,98134390.32,MANDATS DIV ,053
MA0000039539,ATTIJARI PRIVATE FUND,WAFA GESTION,FCP,DIVERSIFIÉ,ATTIJARIWAFA BANK,2143769.39,MANDATS DIV ,076
CODE ,OPCVM,Nature WG,Nature juridique,Classification,Dépositaire,AN,Nature WG,Code
MA0000030538,ATTIJARI PATRIMOINE MULTIGESTION,WAFA GESTION,SICAV,DIVERSIFIÉ,ATTIJARIWAFA BANK,25474078.49,Fonds de fonds,111
MA0000030710,ATTIJARI SELECTION,WAFA GESTION,SICAV,DIVERSIFIÉ,ATTIJARIWAFA BANK,54313441.87,Fonds de fonds,010
